fecha,ahorro_medio,n_usuarios_comunes,ahorro_medio_naive,fecha_dt,t,mes_num,sin_mes,cos_mes
2021-08,3826.96,,3826.964192656929,2021-08-01,0,8,-0.8660254037844385,-0.5000000000000004
2021-09,3778.49,5066.0,3778.4932096328466,2021-09-01,1,9,-1.0,-1.8369701987210297e-16
2021-10,3796.34,5066.0,3796.3449467035134,2021-10-01,2,10,-0.8660254037844386,0.5000000000000001
2021-11,3782.12,5066.0,3782.117311488354,2021-11-01,3,11,-0.5000000000000004,0.8660254037844384
2021-12,3775.56,5066.0,3775.5576194236082,2021-12-01,4,12,-2.4492935982947064e-16,1.0
2022-01,3834.34,5066.0,3834.3435057244374,2022-01-01,5,1,0.49999999999999994,0.8660254037844387
2022-02,3793.96,5066.0,3793.9605211212,2022-02-01,6,2,0.8660254037844386,0.5000000000000001
2022-03,3842.35,5066.0,3842.347729964469,2022-03-01,7,3,1.0,6.123233995736766e-17
2022-04,3792.9,5066.0,3792.9044413738648,2022-04-01,8,4,0.8660254037844387,-0.4999999999999998
2022-05,3794.23,5066.0,3794.2335570469795,2022-05-01,9,5,0.49999999999999994,-0.8660254037844387
2022-06,3796.96,5066.0,3796.9621792341095,2022-06-01,10,6,1.2246467991473532e-16,-1.0
2022-07,3795.17,5066.0,3795.1683576786418,2022-07-01,11,7,-0.4999999999999997,-0.8660254037844388
2022-08,3815.13,5066.0,3815.1337149624947,2022-08-01,12,8,-0.8660254037844385,-0.5000000000000004
2022-09,3773.66,5066.0,3773.6599881563366,2022-09-01,13,9,-1.0,-1.8369701987210297e-16
2022-10,3789.73,5066.0,3789.7270430319777,2022-10-01,14,10,-0.8660254037844386,0.5000000000000001
2022-11,3802.17,5066.0,3802.1743387287797,2022-11-01,15,11,-0.5000000000000004,0.8660254037844384
2022-12,3792.55,5066.0,3792.545677062771,2022-12-01,16,12,-2.4492935982947064e-16,1.0
2023-01,3771.84,5066.0,3771.8380378997235,2023-01-01,17,1,0.49999999999999994,0.8660254037844387
2023-02,3818.5,5066.0,3818.5047572048957,2023-02-01,18,2,0.8660254037844386,0.5000000000000001
2023-03,3800.69,5066.0,3800.694176865377,2023-03-01,19,3,1.0,6.123233995736766e-17
2023-04,3819.09,5066.0,2790.270080112157,2023-04-01,20,4,0.8660254037844387,-0.4999999999999998
2023-05,3809.61,9986.0,2783.346525135189,2023-05-01,21,5,0.49999999999999994,-0.8660254037844387
2023-06,3836.21,9986.0,2802.7820228319647,2023-06-01,22,6,1.2246467991473532e-16,-1.0
2023-07,3813.98,9986.0,2786.5403735229324,2023-07-01,23,7,-0.4999999999999997,-0.8660254037844388
2023-08,3812.83,9986.0,2785.6974464249947,2023-08-01,24,8,-0.8660254037844385,-0.5000000000000004
2023-09,3813.34,9986.0,2786.0723142399356,2023-09-01,25,9,-1.0,-1.8369701987210297e-16
2023-10,3819.82,9986.0,2790.8058672140996,2023-10-01,26,10,-0.8660254037844386,0.5000000000000001
2023-11,3803.66,9986.0,2778.999055677949,2023-11-01,27,11,-0.5000000000000004,0.8660254037844384
2023-12,3806.38,9986.0,2780.9859703585016,2023-12-01,28,12,-2.4492935982947064e-16,1.0
2024-01,3798.0,9986.0,2774.8645303424796,2024-01-01,29,1,0.49999999999999994,0.8660254037844387
2024-02,3794.3,9986.0,2772.160753054276,2024-02-01,30,2,0.8660254037844386,0.5000000000000001
2024-03,3815.7,9986.0,2787.7965401562187,2024-03-01,31,3,1.0,6.123233995736766e-17
2024-04,3796.31,9986.0,2773.6245814139797,2024-04-01,32,4,0.8660254037844387,-0.4999999999999998
2024-05,3808.26,9986.0,2782.360510715001,2024-05-01,33,5,0.49999999999999994,-0.8660254037844387
2024-06,3809.33,9986.0,2783.1383136390946,2024-06-01,34,6,1.2246467991473532e-16,-1.0
2024-07,3811.6,9986.0,2784.8008211496094,2024-07-01,35,7,-0.4999999999999997,-0.8660254037844388
2024-08,3795.54,9986.0,2773.0641317844984,2024-08-01,36,8,-0.8660254037844385,-0.5000000000000004
2024-09,3822.07,9986.0,2792.44817344282,2024-09-01,37,9,-1.0,-1.8369701987210297e-16
2024-10,3787.62,9986.0,2767.277285199279,2024-10-01,38,10,-0.8660254037844386,0.5000000000000001
2024-11,3807.6,9986.0,2781.8736881634286,2024-11-01,39,11,-0.5000000000000004,0.8660254037844384
2024-12,3807.11,9986.0,2781.516820548768,2024-12-01,40,12,-2.4492935982947064e-16,1.0
2025-01,3815.6,9986.0,2787.722984177849,2025-01-01,41,1,0.49999999999999994,0.8660254037844387
2025-02,3814.64,9986.0,2787.022545563789,2025-02-01,42,2,0.8660254037844386,0.5000000000000001
2025-03,3824.71,9986.0,2794.3801432004807,2025-03-01,43,3,1.0,6.123233995736766e-17
2025-04,3826.9,9986.0,2795.9802593631084,2025-04-01,44,4,0.8660254037844387,-0.4999999999999998
2025-05,3807.83,9986.0,2782.043944522331,2025-05-01,45,5,0.49999999999999994,-0.8660254037844387
2025-06,3809.17,9986.0,2783.023947526537,2025-06-01,46,6,1.2246467991473532e-16,-1.0
2025-07,3802.37,9986.0,4653.028815482148,2025-07-01,47,7,-0.4999999999999997,-0.8660254037844388
2025-08,3802.52,14985.0,4827.700891924467,2025-08-01,48,8,-0.8660254037844385,-0.5000000000000004
2025-09,3815.39,19912.0,4844.033188027321,2025-09-01,49,9,-1.0,-1.8369701987210297e-16
2025-10,3811.87,19912.0,4839.566292687826,2025-10-01,50,10,-0.8660254037844386,0.5000000000000001
2025-11,3807.44,19912.0,4833.943046404178,2025-11-01,51,11,-0.5000000000000004,0.8660254037844384
2025-12,3808.44,14846.0,5188.1122282096185,2025-12-01,52,12,-2.4492935982947064e-16,1.0
2026-01,3815.51,14846.0,4205.227499369037,2026-01-01,53,1,0.49999999999999994,0.8660254037844387
2026-02,3807.11,19811.0,4195.972303770633,2026-02-01,54,2,0.8660254037844386,0.5000000000000001
2026-03,3809.11,19811.0,4198.172536974408,2026-03-01,55,3,1.0,6.123233995736766e-17
2026-04,3806.52,19811.0,4195.323321891879,2026-04-01,56,4,0.8660254037844387,-0.4999999999999998
2026-05,3811.72,19811.0,3488.409970182932,2026-05-01,57,5,0.49999999999999994,-0.8660254037844387
2026-06,3803.19,19819.0,1370.2119371972608,2026-06-01,58,6,1.2246467991473532e-16,-1.0
2026-07,3771.61,25015.0,1288.6487827303617,2026-07-01,59,7,-0.4999999999999997,-0.8660254037844388
